zona,tipo_cliente,ingreso_neto_post,ingreso_neto_pre,pedidos_post,pedidos_pre,pedidos_delta,ingreso_neto_delta
Centro,lealtad,1700.87,201.77,5.0,1.0,4.0,1499.1
Centro,sin_lealtad,426.74,407.78,1.0,1.0,0.0,18.960000000000036
Norte,lealtad,1006.74,426.19,2.0,1.0,1.0,580.55
Norte,sin_lealtad,854.4399999999999,0.0,2.0,0.0,2.0,854.4399999999999
Oriente,lealtad,1208.98,272.56,2.0,1.0,1.0,936.4200000000001
Oriente,sin_lealtad,477.21,137.77,2.0,1.0,1.0,339.43999999999994
Poniente,lealtad,104.19,0.0,1.0,0.0,1.0,104.19
Sur,lealtad,858.78,0.0,2.0,0.0,2.0,858.78
Sur,sin_lealtad,1919.22,0.0,5.0,0.0,5.0,1919.22
