order_id,line_num,tiempo_key,cliente_key,sucursal_key,producto_key,canal_key,metodo_pago_key,promocion_key,cantidad,precio_unitario,importe_bruto,descuento_importe,importe_neto,cancelado_flag,cupon_aplicado_flag
P000007,1,245,8,1,7,1,2,3,2,31.47,62.94,0.0,62.94,0,1
P000007,2,245,8,1,7,1,2,1,1,36.67,36.67,0.0,36.67,0,0
P000001,1,528,1,2,3,1,1,1,3,51.26,153.78,0.0,153.78,0,0
P000001,2,528,1,2,5,1,2,1,3,78.11,234.32999999999998,0.0,234.32999999999998,0,0
P000010,1,356,5,4,5,1,1,1,3,72.02,216.06,0.0,216.06,0,0
P000010,2,356,5,4,5,1,1,1,3,72.89,218.67000000000002,0.0,218.67000000000002,0,0
P000009,1,344,10,1,5,1,2,1,1,73.1,73.1,0.0,73.1,0,0
P000009,2,344,10,1,5,1,3,5,2,69.05,138.1,0.0,138.1,0,1
P000005,1,458,7,3,3,1,2,3,3,53.82,161.46,0.0,161.46,0,1
P000005,2,458,7,3,8,1,1,1,1,48.98,48.98,0.0,48.98,0,0
P000004,1,421,8,1,9,1,2,4,2,48.22,96.44,0.0,96.44,0,1
P000011,1,1,7,1,5,1,1,1,2,82.21,164.42,0.0,164.42,0,0
P000011,2,1,7,1,4,1,1,1,3,81.12,243.36,0.0,243.36,0,0
P000003,1,500,2,2,2,1,2,4,2,52.89,105.78,0.0,105.78,0,1
P000008,1,307,4,3,6,1,2,1,1,31.91,31.91,0.0,31.91,0,0
P000008,2,307,4,3,3,1,2,4,1,64.62,64.62,0.0,64.62,0,1
P000015,1,71,5,1,9,1,1,1,3,48.75,146.25,0.0,146.25,0,0
P000015,2,71,5,1,3,1,2,1,1,55.52,55.52,0.0,55.52,0,0
P000013,1,77,9,4,7,1,2,3,1,35.59,35.59,0.0,35.59,0,1
P000013,2,77,9,4,2,1,2,1,2,51.09,102.18,0.0,102.18,0,0
P000014,1,87,6,2,4,1,1,5,3,70.94,212.82,0.0,212.82,0,1
P000014,2,87,6,2,9,1,1,1,3,48.04,144.12,0.0,144.12,0,0
P000014,3,87,6,2,5,1,2,4,1,69.25,69.25,0.0,69.25,0,1
P000002,1,337,6,5,9,1,2,3,1,53.92,53.92,0.0,53.92,0,1
P000006,1,451,10,4,9,1,1,4,3,50.55,151.64999999999998,0.0,151.64999999999998,0,1
P000006,2,451,10,4,1,1,1,1,3,60.69,182.07,0.0,182.07,0,0
P000012,1,165,5,4,9,1,2,5,1,51.93,51.93,0.0,51.93,0,1
P000012,2,165,5,4,1,1,1,1,1,56.11,56.11,0.0,56.11,0,0
P000012,3,165,5,4,2,1,2,1,3,54.84,164.52,0.0,164.52,0,0
P000007,1,245,8,1,9,1,1,3,3,52.75,158.25,0.0,158.25,0,1
P000008,1,307,4,3,10,1,2,1,2,117.64,235.28,0.0,235.28,0,0
P000008,2,307,4,3,1,1,2,1,2,52.7,105.4,0.0,105.4,0,0
P000002,1,337,6,5,9,1,3,1,1,50.27,50.27,0.0,50.27,0,0
P000009,1,344,10,1,10,1,1,3,3,109.46,328.38,0.0,328.38,0,1
P000010,1,356,5,4,3,1,2,1,3,47.91,143.73,0.0,143.73,0,0
P000010,2,356,5,4,9,1,2,1,3,48.41,145.23,0.0,145.23,0,0
P000010,3,356,5,4,3,1,1,1,2,49.2,98.4,0.0,98.4,0,0
P000004,1,421,8,1,8,1,1,1,3,46.49,139.47,0.0,139.47,0,0
P000004,2,421,8,1,9,1,3,1,1,47.04,47.04,0.0,47.04,0,0
P000004,3,421,8,1,9,1,1,1,1,49.6,49.6,0.0,0.0,1,0
P000006,1,451,10,4,2,1,2,1,1,53.17,53.17,0.0,53.17,0,0
P000005,1,458,7,3,4,1,1,1,3,71.75,215.25,0.0,215.25,0,0
P000005,2,458,7,3,10,1,2,1,3,135.07,405.21,0.0,0.0,1,0
P000005,3,458,7,3,6,1,2,1,1,35.55,35.55,0.0,0.0,1,0
P000003,1,500,2,2,5,1,3,4,3,79.17,237.51,0.0,237.51,0,1
P000003,2,500,2,2,10,1,2,1,1,121.9,121.9,0.0,121.9,0,0
P000001,1,528,1,2,6,1,2,1,3,29.61,88.83,0.0,88.83,0,0
P000001,2,528,1,2,4,1,2,1,3,73.33,219.99,0.0,219.99,0,0
P000001,3,528,1,2,6,1,2,1,2,36.81,73.62,0.0,73.62,0,0
A000003,1,210,7,2,3,2,2,1,3,56.92,170.76,0.0,170.76,0,0
A000003,2,210,7,2,3,2,3,3,3,60.75,182.25,0.0,182.25,0,1
A000002,1,429,7,4,7,2,3,1,1,32.53,32.53,0.0,32.53,0,0
A000002,2,429,7,4,1,2,2,1,3,58.87,176.60999999999999,0.0,176.60999999999999,0,0
A000002,3,429,7,4,3,2,2,5,2,54.78,109.56,0.0,109.56,0,1
A000001,1,404,3,3,5,2,3,1,3,70.44,211.32,0.0,211.32,0,0
A000001,2,404,3,3,8,2,2,1,2,48.04,96.08,0.0,96.08,0,0
A000001,3,404,3,3,10,2,2,3,2,122.19,244.38,0.0,244.38,0,1
A000003,1,210,7,2,6,2,3,1,1,36.24,36.24,0.0,36.24,0,0
A000012,1,279,7,1,8,2,3,1,3,52.44,157.32,0.0,157.32,0,0
A000012,2,279,7,1,5,2,3,1,2,71.11,142.22,0.0,142.22,0,0
A000012,3,279,7,1,10,2,2,1,1,127.2,127.2,0.0,127.2,0,0
A000004,1,288,2,4,6,2,3,1,3,35.42,106.26,0.0,106.26,0,0
A000010,1,316,8,1,1,2,3,4,3,56.83,170.49,0.0,170.49,0,1
A000010,2,316,8,1,8,2,2,1,2,48.63,97.26,0.0,97.26,0,0
A000010,3,316,8,1,9,2,3,1,2,46.25,92.5,0.0,92.5,0,0
A000007,1,333,9,3,10,2,2,5,3,109.83,329.49,0.0,329.49,0,1
A000007,2,333,9,3,8,2,2,5,3,52.11,156.32999999999998,0.0,156.32999999999998,0,1
A000001,1,404,3,3,7,2,2,1,3,36.11,108.33,0.0,108.33,0,0
A000001,2,404,3,3,1,2,2,1,3,53.7,161.10000000000002,0.0,0.0,1,0
A000001,3,404,3,3,7,2,2,1,1,36.74,36.74,0.0,36.74,0,0
A000002,1,429,7,4,9,2,3,4,1,52.25,52.25,0.0,52.25,0,1
A000005,1,454,9,3,9,2,3,1,3,49.79,149.37,0.0,149.37,0,0
A000008,1,467,1,3,7,2,2,3,3,33.75,101.25,0.0,101.25,0,1
A000008,2,467,1,3,1,2,3,3,1,60.68,60.68,0.0,60.68,0,1
A000006,1,477,2,3,1,2,3,1,3,48.96,146.88,0.0,146.88,0,0
A000006,2,477,2,3,1,2,2,3,2,52.84,105.68,0.0,105.68,0,1
A000006,3,477,2,3,3,2,2,4,3,56.19,168.57,0.0,168.57,0,1
A000009,1,481,8,1,7,2,2,1,2,37.34,74.68,0.0,74.68,0,0
A000009,2,481,8,1,3,2,2,3,3,61.85,185.55,0.0,185.55,0,1
A000011,1,501,8,2,7,2,3,1,3,34.95,104.85000000000001,0.0,104.85000000000001,0,0
A000011,2,501,8,2,5,2,2,1,2,65.67,131.34,0.0,131.34,0,0
